date,home_away,opponent,score,passing_cmp,passing_att,passing_pct,passing_yds,passing_td,rushing_att,rushing_yds,rushing_avg,rushing_td,total_plays,total_yds,total_avg,first_down_pass,first_down_rush,first_down_pen,first_down_total,penalties,penalty_yds,fumbles,interceptions,turnovers
,,,,,,,,,,,,,,,,,,,,,,,,
,,,,,,,,,,,,,,,,,,,,,,,,
9/2/2000,,San Jose State,W (49-13),14,37,37.8,153,2,29,193,6.7,0,66,346,5.2,6,6,2,14,12,65,0,1,1
9/9/2000,@,Notre Dame,W (27-24),3,15,20,40,0,40,184,4.6,1,55,224,4.1,2,7,2,11,8,67,0,1,1
9/23/2000,,Iowa,W (42-13),19,40,47.5,252,1,31,47,1.5,0,71,299,4.2,11,5,2,18,7,57,0,2,2
9/30/2000,,Missouri,W (42-24),19,39,48.7,283,1,31,209,6.7,2,70,492,7,13,8,1,22,10,95,1,1,2
10/7/2000,@,Iowa State,W (49-27),22,43,51.2,346,2,25,37,1.5,1,68,383,5.6,14,2,2,18,8,71,0,2,2
10/14/2000,@,Texas Tech,W (56-3),22,48,45.8,181,0,12,19,1.6,0,60,200,3.3,9,1,1,11,12,83,0,2,2
10/21/2000,,Baylor,W (59-0),7,29,24.1,79,0,27,5,0.2,0,56,84,1.5,4,2,1,7,2,20,2,0,2
10/28/2000,@,Oklahoma,L (14-31),20,34,58.8,300,1,35,118,3.4,2,69,418,6.1,12,5,3,20,4,21,0,1,1
11/4/2000,,Kansas,W (56-17),16,31,51.6,169,0,29,97,3.3,2,60,266,4.4,8,8,1,17,5,49,1,1,2
11/11/2000,@,Kansas State,L (28-29),12,36,33.3,234,2,43,143,3.3,1,79,377,4.8,6,8,3,17,13,103,1,1,2
11/24/2000,,Colorado,W (34-32),25,41,61,254,1,43,197,4.6,3,84,451,5.4,14,12,2,28,3,25,0,2,2
12/30/2000,N,Northwestern*,W (66-17),,,,,,,,,,,,,,,,,,,,,
,,,,,,,,,,,,,,,,,,,,,,,,
,,,,,,,,,,,,,,,,,,,,,,,,
8/25/2001,,TCU,W (21-7),11,22,50,130,1,28,56,2,0,50,186,3.7,2,3,1,6,11,85,1,0,1
9/1/2001,,Troy,W (42-14),15,36,41.7,190,1,35,-25,-0.7,1,71,165,2.3,7,3,3,13,8,53,1,2,3
9/8/2001,,Notre Dame,W (27-10),16,32,50,119,0,30,43,1.4,1,62,162,2.6,6,4,4,14,9,63,2,2,4
9/20/2001,,Rice,W (48-3),8,25,32,169,0,47,196,4.2,0,72,365,5.1,6,10,1,17,7,34,0,2,2
9/29/2001,@,Missouri,W (36-3),16,43,37.2,138,0,23,67,2.9,0,66,205,3.1,6,4,3,13,3,37,0,0,0
10/6/2001,,Iowa State,W (48-14),13,29,44.8,214,1,38,122,3.2,1,67,336,5,8,10,2,20,6,55,0,2,2
10/13/2001,@,Baylor,W (48-7),15,43,34.9,158,0,33,29,0.9,0,76,187,2.5,8,4,2,14,4,43,1,3,4
10/20/2001,,Texas Tech,W (41-31),34,64,53.1,373,1,17,67,3.9,1,81,440,5.4,15,8,3,26,6,51,1,1,2
10/27/2001,,Oklahoma,W (20-10),22,50,44,234,1,29,105,3.6,0,79,339,4.3,14,6,1,21,6,45,0,2,2
11/3/2001,@,Kansas,W (51-7),8,17,47.1,79,1,42,124,3,0,59,203,3.4,3,7,1,11,3,28,1,2,3
11/10/2001,,Kansas State,W (31-21),4,18,22.2,37,1,44,239,5.4,2,62,276,4.5,2,12,0,14,7,32,0,3,3
11/23/2001,@,Colorado,L (36-62),9,16,56.3,202,1,52,380,7.3,8,68,582,8.6,7,15,3,25,9,75,0,0,0
1/3/2002,N,Miami (FL)*,L (14-37),,,,,,,,,,,,,,,,,,,,,
,,,,,,,,,,,,,,,,,,,,,,,,
,,,,,,,,,,,,,,,,,,,,,,,,
8/24/2002,,Arizona State,W (48-10),17,41,41.5,175,0,30,83,2.8,1,71,258,3.6,9,7,1,17,5,63,0,1,1
8/31/2002,,Troy,W (31-16),11,29,37.9,192,0,41,155,3.8,2,70,347,5,5,11,0,16,4,27,1,2,3
9/7/2002,,Utah State,W (44-13),19,44,43.2,251,1,30,70,2.3,0,74,321,4.3,12,7,0,19,10,71,0,3,3
9/14/2002,@,Penn State,L (7-40),19,31,61.3,259,0,43,217,5,4,74,476,6.4,11,12,1,24,3,20,0,0,0
9/28/2002,@,Iowa State,L (14-36),19,32,59.4,220,1,52,192,3.7,3,84,412,4.9,8,12,3,23,4,20,1,2,3
10/5/2002,,McNeese State,W (38-14),15,36,41.7,234,1,43,121,2.8,1,79,355,4.5,11,7,3,21,3,15,0,0,0
10/12/2002,,Missouri,W (24-13),14,29,48.3,123,0,30,97,3.2,1,59,220,3.7,6,1,4,11,7,44,0,0,0
10/19/2002,@,Oklahoma State,L (21-24),17,27,63,192,2,42,195,4.6,1,69,387,5.6,13,9,0,22,5,30,1,0,1
10/26/2002,@,Texas A&M,W (38-31),20,37,54.1,269,2,24,53,2.2,0,61,322,5.3,9,5,1,15,6,38,0,2,2
11/2/2002,,Texas,L (24-27),29,47,61.7,419,2,36,79,2.2,1,83,498,6,20,6,1,27,12,91,0,1,1
11/9/2002,,Kansas,W (45-7),10,31,32.3,153,1,36,71,2,0,67,224,3.3,6,5,1,12,6,54,1,2,3
11/16/2002,@,Kansas State,L (13-49),4,8,50,92,0,57,415,7.3,6,65,507,7.8,3,19,2,24,13,104,3,0,3
11/29/2002,,Colorado,L (13-28),12,23,52.2,122,1,53,253,4.8,3,76,375,4.9,5,15,1,21,6,58,1,0,1
12/27/2002,N,Mississippi*,L (23-27),25,44,56.8,313,1,32,52,1.6,2,76,365,4.8,14,5,1,20,6,41,0,0,0
,,,,,,,,,,,,,,,,,,,,,,,,
,,,,,,,,,,,,,,,,,,,,,,,,
8/30/2003,,Oklahoma State,W (17-7),13,28,46.4,97,1,30,86,2.9,0,58,183,3.2,6,5,0,11,8,63,2,3,5
9/6/2003,,Utah State,W (31-7),17,35,48.6,178,1,23,60,2.6,0,58,238,4.1,10,4,0,14,6,33,2,1,3
9/13/2003,,Penn State,W (18-10),16,33,48.5,159,0,21,44,2.1,1,54,203,3.8,7,4,2,13,1,5,1,1,2
9/25/2003,@,Southern Mississippi,W (38-14),18,42,42.9,211,1,36,108,3,1,78,319,4.1,11,7,1,19,9,66,3,2,5
10/4/2003,,Troy,W (30-0),11,23,47.8,84,0,37,66,1.8,0,60,150,2.5,5,5,0,10,13,115,2,2,4
10/11/2003,@,Missouri,L (24-41),15,29,51.7,241,2,44,211,4.8,4,73,452,6.2,11,9,0,20,3,23,0,2,2
10/18/2003,,Texas A&M,W (48-12),9,27,33.3,109,0,37,135,3.6,0,64,244,3.8,6,6,3,15,3,25,3,5,8
10/25/2003,,Iowa State,W (28-0),20,41,48.8,160,0,30,70,2.3,0,71,230,3.2,9,4,1,14,5,25,1,2,3
11/1/2003,@,Texas,L (7-31),13,27,48.1,131,0,51,353,6.9,4,78,484,6.2,6,17,2,25,7,80,0,3,3
11/8/2003,@,Kansas,W (24-3),24,34,70.6,204,0,29,88,3,0,63,292,4.6,13,4,2,19,8,78,1,3,4
11/15/2003,,Kansas State,L (9-38),15,28,53.6,313,2,53,248,4.7,3,81,561,6.9,12,14,0,26,7,43,0,3,3
11/28/2003,@,Colorado,W (31-22),26,44,59.1,269,3,31,64,2.1,0,75,333,4.4,14,4,1,19,7,60,0,2,2
12/29/2003,N,Michigan State*,W (17-3),21,39,53.8,156,0,23,18,0.8,0,62,174,2.8,6,4,3,13,5,53,0,3,3
,,,,,,,,,,,,,,,,,,,,,,,,
,,,,,,,,,,,,,,,,,,,,,,,,
9/4/2004,,Western Illinois,W (56-17),20,42,47.6,223,1,35,-3,-0.1,0,77,220,2.9,8,3,1,12,7,41,1,4,5
9/11/2004,,Southern Mississippi,L (17-21),12,28,42.9,142,1,33,97,2.9,0,61,239,3.9,5,6,0,11,8,59,0,1,1
9/18/2004,@,Pittsburgh,W (24-17),22,45,48.9,228,1,25,30,1.2,0,70,258,3.7,11,3,1,15,11,60,1,3,4
10/2/2004,,Kansas,W (14-8),24,49,49,200,0,33,105,3.2,0,82,305,3.7,8,7,1,16,13,99,0,1,1
10/9/2004,@,Texas Tech,L (10-70),47,61,77,451,6,15,72,4.8,4,76,523,6.9,20,4,1,25,10,121,0,1,1
10/16/2004,,Baylor,W (59-27),25,40,62.5,300,2,38,100,2.6,1,78,400,5.1,15,5,2,22,8,50,1,1,2
10/23/2004,@,Kansas State,L (21-45),14,23,60.9,124,0,61,294,4.8,6,84,418,5,6,16,2,24,9,41,2,0,2
10/30/2004,,Missouri,W (24-3),24,56,42.9,277,0,35,51,1.5,0,91,328,3.6,13,4,2,19,6,35,1,1,2
11/6/2004,@,Iowa State,L (27-34),18,39,46.2,364,3,36,102,2.8,1,75,466,6.2,14,6,2,22,7,70,0,1,1
11/13/2004,@,Oklahoma,L (3-30),30,36,83.3,413,3,31,98,3.2,1,67,511,7.6,19,2,3,24,4,45,0,0,0
11/26/2004,,Colorado,L (20-26),18,29,62.1,222,1,48,198,4.1,1,77,420,5.5,8,11,0,19,8,57,1,1,2
,,,,,,,,,,,,,,,,,,,,,,,,
,,,,,,,,,,,,,,,,,,,,,,,,
9/3/2005,,Maine,W (25-7),16,36,44.4,151,1,37,-6,-0.2,0,73,145,2,6,4,0,10,7,55,1,1,2
9/10/2005,,Wake Forest,W (31-3),12,28,42.9,117,0,52,130,2.5,0,80,247,3.1,6,10,3,19,5,48,1,3,4
9/17/2005,,Pittsburgh,W (7-6),11,28,39.3,190,0,36,114,3.2,0,64,304,4.8,6,7,1,14,4,35,0,0,0
10/1/2005,,Iowa State,W (27-20),23,41,56.1,317,1,38,57,1.5,1,79,374,4.7,12,5,4,21,4,34,0,1,1
10/8/2005,,Texas Tech,L (31-34),34,45,75.6,368,4,23,44,1.9,0,68,412,6.1,17,5,1,23,9,89,1,1,2
10/15/2005,@,Baylor,W (23-14),17,31,54.8,202,1,23,51,2.2,1,54,253,4.7,10,4,2,16,11,82,1,2,3
10/22/2005,@,Missouri,L (24-41),22,38,57.9,246,1,49,277,5.7,4,87,523,6,12,10,3,25,5,43,1,1,2
10/29/2005,,Oklahoma,L (24-31),14,28,50,157,0,45,180,4,3,73,337,4.6,8,10,1,19,4,26,0,0,0
11/5/2005,@,Kansas,L (15-40),16,27,59.3,215,2,44,213,4.8,1,71,428,6,10,6,1,17,6,45,1,1,2
11/12/2005,,Kansas State,W (27-25),6,30,20,103,0,50,248,5,3,80,351,4.4,4,11,2,17,14,108,1,1,2
11/25/2005,@,Colorado,W (30-3),20,40,50,159,0,20,53,2.7,0,60,212,3.5,9,3,1,13,10,105,0,1,1
12/28/2005,N,Michigan*,W (32-28),21,43,48.8,270,3,42,130,3.1,1,85,400,4.7,11,10,2,23,6,49,2,1,3
,,,,,,,,,,,,,,,,,,,,,,,,
,,,,,,,,,,,,,,,,,,,,,,,,
9/2/2006,,Louisiana Tech,W (49-10),13,32,40.6,238,1,21,67,3.2,0,53,305,5.8,10,3,0,13,5,25,2,1,3
9/9/2006,,Nicholls State,W (56-7),0,3,0,0,0,47,187,4,1,50,187,3.7,0,7,0,7,6,46,3,0,3
9/16/2006,@,Southern California,L (10-28),25,37,67.6,257,3,31,142,4.6,1,68,399,5.9,15,8,3,26,7,46,0,0,0
9/23/2006,,Troy,W (56-0),15,24,62.5,92,0,27,48,1.8,0,51,140,2.7,4,6,0,10,10,80,2,1,3
9/30/2006,,Kansas,W (39-32),27,54,50,405,2,40,169,4.2,2,94,574,6.1,17,8,1,26,5,25,1,3,4
10/7/2006,@,Iowa State,W (28-14),18,39,46.2,262,1,24,53,2.2,1,63,315,5,13,2,3,18,6,45,0,1,1
10/14/2006,@,Kansas State,W (21-3),23,47,48.9,272,0,18,22,1.2,0,65,294,4.5,14,3,0,17,5,50,0,2,2
10/21/2006,,Texas,L (20-22),25,40,62.5,220,2,34,128,3.8,0,74,348,4.7,12,7,2,21,5,42,1,0,1
10/28/2006,@,Oklahoma State,L (29-41),13,21,61.9,229,2,41,267,6.5,3,62,496,8,11,14,0,25,5,42,1,1,2
11/4/2006,,Missouri,W (34-20),20,38,52.6,244,2,32,119,3.7,0,70,363,5.2,13,8,0,21,2,15,1,2,3
11/11/2006,@,Texas A&M,W (28-27),19,32,59.4,288,0,27,155,5.7,3,59,443,7.5,9,4,0,13,4,38,0,0,0
11/24/2006,,Colorado,W (37-14),11,23,47.8,131,1,31,166,5.4,1,54,297,5.5,9,5,0,14,8,74,0,0,0
12/2/2006,N,Oklahoma,L (7-21),19,35,54.3,265,2,28,42,1.5,1,63,307,4.9,11,2,0,13,3,25,0,1,1
1/1/2007,N,Auburn*,L (14-17),10,21,47.6,111,1,35,67,1.9,1,56,178,3.2,6,5,1,12,6,45,2,0,2
,,,,,,,,,,,,,,,,,,,,,,,,
,,,,,,,,,,,,,,,,,,,,,,,,
9/1/2007,,Nevada,W (52-10),9,27,33.3,108,0,24,77,3.2,0,51,185,3.6,5,3,1,9,12,86,0,1,1
9/8/2007,@,Wake Forest,W (20-17),12,24,50,140,0,53,236,4.5,2,77,376,4.9,5,11,2,18,6,51,0,2,2
9/15/2007,,Southern California,L (31-49),19,30,63.3,144,2,38,313,8.2,5,68,457,6.7,8,14,0,22,10,102,1,0,1
9/22/2007,,Ball State,W (41-40),26,43,60.5,422,3,36,188,5.2,2,79,610,7.7,19,7,1,27,4,34,1,1,2
9/29/2007,,Iowa State,W (35-17),26,51,51,281,0,51,134,2.6,2,102,415,4.1,16,9,3,28,1,5,1,3,4
10/6/2007,@,Missouri,L (6-41),34,49,69.4,411,3,36,195,5.4,2,85,606,7.1,20,8,4,32,9,79,0,0,0
10/13/2007,,Oklahoma State,L (14-45),12,20,60,234,1,51,317,6.2,5,71,551,7.8,10,16,0,26,7,62,0,0,0
10/20/2007,,Texas A&M,L (14-36),13,22,59.1,100,1,66,359,5.4,4,88,459,5.2,6,21,1,28,5,38,0,0,0
10/27/2007,@,Texas,L (25-28),12,29,41.4,181,0,48,364,7.6,3,77,545,7.1,10,13,2,25,3,25,0,1,1
11/3/2007,@,Kansas,L (39-76),30,41,73.2,354,6,49,218,4.4,5,90,572,6.4,17,15,2,34,2,10,0,0,0
11/10/2007,,Kansas State,W (73-31),26,44,59.1,320,2,28,108,3.9,2,72,428,5.9,14,8,2,24,7,40,0,0,0
11/23/2007,@,Colorado,L (51-65),17,29,58.6,241,2,52,277,5.3,6,81,518,6.4,12,13,1,26,7,65,0,0,0
,,,,,,,,,,,,,,,,,,,,,,,,
,,,,,,,,,,,,,,,,,,,,,,,,
8/30/2008,,Western Michigan,W (47-24),30,49,61.2,342,2,25,8,0.3,1,74,350,4.7,16,0,3,19,5,45,1,1,2
9/6/2008,,San Jose State,W (35-12),21,35,60,242,0,32,111,3.5,1,67,353,5.3,8,9,2,19,7,47,0,2,2
9/13/2008,,New Mexico State,W (38-7),19,39,48.7,225,0,32,114,3.6,1,71,339,4.8,9,7,3,19,7,50,0,2,2
9/27/2008,,Virginia Tech,L (30-35),9,15,60,171,0,55,206,3.7,3,70,377,5.4,7,12,2,21,4,30,0,0,0
10/4/2008,,Missouri,L (17-52),19,24,79.2,261,3,34,201,5.9,3,58,462,8,13,8,3,24,1,15,0,0,0
10/11/2008,@,Texas Tech,L (31-37),20,25,80,284,2,23,137,6,3,48,421,8.8,9,6,1,16,2,20,0,0,0
10/18/2008,@,Iowa State,W (35-7),16,29,55.2,113,0,25,105,4.2,1,54,218,4,5,5,1,11,6,42,2,0,2
10/25/2008,,Baylor,W (32-20),9,20,45,134,0,33,216,6.5,3,53,350,6.6,5,8,3,16,6,39,0,0,0
11/1/2008,@,Oklahoma,L (28-62),21,30,70,315,5,40,193,4.8,3,70,508,7.3,11,8,2,21,7,69,0,1,1
11/8/2008,,Kansas,W (45-35),15,30,50,304,3,39,118,3,2,69,422,6.1,13,8,1,22,5,31,0,1,1
11/15/2008,@,Kansas State,W (56-28),12,26,46.2,188,1,32,59,1.8,1,58,247,4.3,5,6,2,13,5,25,1,0,1
11/28/2008,,Colorado,W (40-31),14,26,53.8,249,1,22,42,1.9,2,48,291,6.1,9,4,0,13,2,14,1,3,4
1/1/2009,N,Clemson*,W (26-21),17,37,45.9,206,2,26,4,0.2,0,63,210,3.3,7,2,5,14,7,50,0,2,2
,,,,,,,,,,,,,,,,,,,,,,,,
,,,,,,,,,,,,,,,,,,,,,,,,
9/5/2009,,Florida Atlantic,W (49-3),20,41,48.8,236,0,35,132,3.8,0,76,368,4.8,11,9,3,23,11,67,1,2,3
9/12/2009,,Arkansas State,W (38-9),11,20,55,131,0,38,143,3.8,1,58,274,4.7,3,11,1,15,3,20,1,0,1
9/19/2009,@,Virginia Tech,L (15-16),12,27,44.4,192,1,37,86,2.3,1,64,278,4.3,9,2,0,11,7,53,0,0,0
9/26/2009,,Louisiana,W (55-0),15,27,55.6,120,0,37,102,2.8,0,64,222,3.5,5,8,1,14,3,14,2,1,3
10/8/2009,@,Missouri,W (27-12),17,43,39.5,134,0,35,91,2.6,1,78,225,2.9,7,4,4,15,8,100,1,2,3
10/17/2009,,Texas Tech,L (10-31),23,32,71.9,234,1,25,25,1,2,57,259,4.5,10,2,3,15,4,40,0,0,0
10/24/2009,,Iowa State,L (7-9),9,19,47.4,102,1,48,137,2.9,0,67,239,3.6,4,7,0,11,8,72,0,0,0
10/31/2009,@,Baylor,W (20-10),19,38,50,222,0,32,54,1.7,0,70,276,3.9,11,3,4,18,4,25,1,2,3
11/7/2009,,Oklahoma,W (10-3),26,58,44.8,245,0,29,80,2.8,0,87,325,3.7,13,7,3,23,9,64,0,5,5
11/14/2009,@,Kansas,W (31-17),19,41,46.3,236,1,29,99,3.4,1,70,335,4.8,11,8,2,21,4,50,1,0,1
11/21/2009,,Kansas State,W (17-3),12,33,36.4,153,0,34,140,4.1,0,67,293,4.4,7,9,3,19,7,69,1,1,2
11/27/2009,@,Colorado,W (28-20),21,44,47.7,269,3,28,134,4.8,0,72,403,5.6,9,8,3,20,7,34,0,3,3
12/5/2009,N,Texas,L (12-13),20,36,55.6,184,0,38,18,0.5,1,74,202,2.7,10,3,4,17,7,45,0,3,3
12/30/2009,N,Arizona*,W (33-0),10,31,32.3,46,0,20,63,3.2,0,51,109,2.1,2,3,1,6,2,25,0,1,1
,,,,,,,,,,,,,,,,,,,,,,,,
,,,,,,,,,,,,,,,,,,,,,,,,
9/4/2010,,Western Kentucky,W (49-10),12,22,54.5,120,0,40,179,4.5,1,62,299,4.8,6,5,3,14,7,51,1,1,2
9/11/2010,,Idaho,W (38-17),21,39,53.8,219,2,38,60,1.6,0,77,279,3.6,11,9,4,24,3,15,1,5,6
9/18/2010,@,Washington,W (56-21),4,20,20,71,1,39,175,4.5,2,59,246,4.2,2,10,1,13,2,15,0,2,2
9/25/2010,,South Dakota State,W (17-3),12,28,42.9,95,0,37,141,3.8,0,65,236,3.6,4,6,0,10,7,73,0,2,2
10/7/2010,@,Kansas State,W (48-13),19,27,70.4,135,1,44,180,4.1,0,71,315,4.4,10,8,2,20,4,30,0,1,1
10/16/2010,,Texas,L (13-20),4,16,25,62,0,46,209,4.5,2,62,271,4.4,3,7,4,14,4,53,0,0,0
10/23/2010,@,Oklahoma State,W (51-41),18,35,51.4,283,2,36,212,5.9,3,71,495,7,12,9,1,22,8,84,0,1,1
10/30/2010,,Missouri,W (31-17),18,42,42.9,199,1,34,142,4.2,1,76,341,4.5,10,8,3,21,7,40,0,1,1
11/6/2010,@,Iowa State,W (31-30),21,32,65.6,203,3,48,157,3.3,1,80,360,4.5,12,10,2,24,3,40,1,2,3
11/13/2010,,Kansas,W (20-3),3,13,23.1,15,0,34,72,2.1,0,47,87,1.9,1,3,1,5,1,9,0,1,1
11/20/2010,@,Texas A&M,L (6-9),19,29,65.5,172,0,41,138,3.4,0,70,310,4.4,7,9,3,19,2,10,0,0,0
11/26/2010,,Colorado,W (45-17),10,27,37,163,2,23,99,4.3,0,50,262,5.2,5,4,3,12,6,55,1,2,3
12/4/2010,N,Oklahoma,L (20-23),23,41,56.1,342,1,38,112,2.9,1,79,454,5.7,15,4,0,19,6,47,0,1,1
12/30/2010,N,Washington*,L (7-19),6,19,31.6,72,0,52,268,5.2,2,71,340,4.8,4,14,3,21,3,30,0,0,0
,,,,,,,,,,,,,,,,,,,,,,,,
,,,,,,,,,,,,,,,,,,,,,,,,
9/3/2011,,Chattanooga,W (40-7),22,36,61.1,170,1,31,60,1.9,0,67,230,3.4,7,5,1,13,8,76,0,1,1
9/10/2011,,Fresno State,W (42-29),20,41,48.8,254,1,40,190,4.8,1,81,444,5.5,11,13,0,24,5,50,1,0,1
9/17/2011,,Washington,W (51-38),21,37,56.8,274,4,31,146,4.7,1,68,420,6.2,10,8,2,20,9,90,1,2,3
9/24/2011,@,Wyoming,W (38-14),18,34,52.9,168,2,31,137,4.4,0,65,305,4.7,11,5,2,18,7,59,0,1,1
10/1/2011,@,Wisconsin,L (17-48),14,20,70,255,2,50,231,4.6,5,70,486,6.9,11,13,3,27,4,39,1,0,1
10/8/2011,,Ohio State,W (34-27),6,18,33.3,108,1,41,243,5.9,2,59,351,5.9,5,9,2,16,9,75,1,1,2
10/22/2011,@,Minnesota,W (41-14),9,18,50,122,0,39,132,3.4,2,57,254,4.5,4,7,0,11,5,55,1,0,1
10/29/2011,,Michigan State,W (24-3),11,27,40.7,86,0,30,101,3.4,0,57,187,3.3,3,7,2,12,9,90,0,1,1
11/5/2011,,Northwestern,L (25-28),16,24,66.7,261,1,54,207,3.8,3,78,468,6,9,15,1,25,2,20,1,2,3
11/12/2011,@,Penn State,W (17-14),17,35,48.6,209,0,43,166,3.9,2,78,375,4.8,9,10,2,21,3,32,1,0,1
11/19/2011,@,Michigan,L (17-45),11,19,57.9,180,2,61,238,3.9,4,80,418,5.2,6,14,4,24,5,45,0,1,1
11/25/2011,,Iowa,W (20-7),16,35,45.7,182,0,24,88,3.7,1,59,270,4.6,7,7,4,18,5,50,1,1,2
1/2/2012,N,South Carolina*,L (13-30),11,17,64.7,230,2,40,121,3,2,57,351,6.2,8,7,1,16,6,66,0,0,0
,,,,,,,,,,,,,,,,,,,,,,,,
,,,,,,,,,,,,,,,,,,,,,,,,
9/1/2012,,Southern Mississippi,W (49-20),7,19,36.8,75,1,47,185,3.9,0,66,260,3.9,4,15,1,20,4,35,1,0,1
9/8/2012,@,UCLA,L (30-36),22,38,57.9,309,4,56,344,6.1,0,94,653,6.9,13,12,1,26,11,126,1,0,1
9/15/2012,,Arkansas State,W (42-13),16,32,50,138,0,37,148,4,0,69,286,4.1,7,9,1,17,6,39,1,1,2
9/22/2012,,Idaho State,W (73-7),21,43,48.8,179,1,29,31,1.1,0,72,210,2.9,8,2,4,14,5,40,1,2,3
9/29/2012,,Wisconsin,W (30-27),15,28,53.6,239,1,41,56,1.4,3,69,295,4.3,9,5,3,17,2,15,1,0,1
10/6/2012,@,Ohio State,L (38-63),7,14,50,127,1,48,371,7.7,6,62,498,8,5,13,1,19,9,76,1,0,1
10/20/2012,@,Northwestern,W (29-28),16,37,43.2,121,2,38,180,4.7,2,75,301,4,6,6,2,14,5,45,0,0,0
10/27/2012,,Michigan,W (23-9),9,27,33.3,93,0,37,95,2.6,0,64,188,2.9,7,5,6,18,3,44,0,3,3
11/3/2012,@,Michigan State,W (28-24),9,27,33.3,123,1,43,238,5.5,2,70,361,5.2,7,8,4,19,9,100,2,0,2
11/10/2012,,Penn State,W (32-23),18,37,48.6,240,1,34,151,4.4,1,71,391,5.5,12,4,2,18,8,60,2,1,3
11/17/2012,,Minnesota,W (38-14),10,28,35.7,90,0,29,87,3,2,57,177,3.1,5,3,3,11,4,37,0,2,2
11/23/2012,@,Iowa,W (13-7),11,24,45.8,92,0,39,108,2.8,1,63,200,3.2,6,7,0,13,1,5,0,2,2
12/1/2012,N,Wisconsin,L (31-70),8,10,80,101,1,50,539,10.8,8,60,640,10.7,4,19,1,24,4,51,0,0,0
1/1/2013,N,Georgia*,L (31-45),18,33,54.5,427,5,38,162,4.3,1,71,589,8.3,14,8,1,23,7,76,0,2,2
,,,,,,,,,,,,,,,,,,,,,,,,
,,,,,,,,,,,,,,,,,,,,,,,,
8/31/2013,,Wyoming,W (37-34),29,44,65.9,383,4,30,219,7.3,1,74,602,8.1,20,9,6,35,8,74,0,2,2
9/7/2013,,Southern Mississippi,W (56-13),21,37,56.8,222,1,27,62,2.3,0,64,284,4.4,10,4,2,16,7,55,0,4,4
9/14/2013,,UCLA,L (21-41),16,25,64,294,3,53,210,4,2,78,504,6.5,13,11,3,27,3,21,0,1,1
9/21/2013,,South Dakota State,W (59-20),19,29,65.5,238,0,38,227,6,2,67,465,6.9,12,10,3,25,4,45,1,2,3
10/5/2013,,Illinois,W (39-19),16,31,51.6,177,0,48,195,4.1,2,79,372,4.7,11,11,2,24,3,38,1,1,2
10/12/2013,@,Purdue,W (44-7),14,36,38.9,184,1,25,32,1.3,0,61,216,3.5,5,4,2,11,7,53,1,1,2
10/26/2013,@,Minnesota,L (23-34),8,17,47.1,159,1,54,271,5,3,71,430,6.1,7,16,0,23,3,35,0,0,0
11/2/2013,,Northwestern,W (27-24),8,21,38.1,81,0,47,245,5.2,3,68,326,4.8,4,12,0,16,3,15,0,1,1
11/9/2013,@,Michigan,W (17-13),18,27,66.7,196,1,36,-21,-0.6,0,63,175,2.8,12,0,1,13,2,18,0,0,0
11/16/2013,,Michigan State,L (28-41),15,32,46.9,193,1,48,168,3.5,4,80,361,4.5,8,9,1,18,6,60,0,0,0
11/23/2013,@,Penn State,W (23-20),16,33,48.5,217,2,44,170,3.9,1,77,387,5,9,9,0,18,3,25,0,1,1
11/29/2013,,Iowa,L (17-38),9,17,52.9,126,2,45,156,3.5,3,62,282,4.5,4,7,3,14,2,20,0,0,0
1/1/2014,N,Georgia*,W (24-19),21,39,53.8,320,1,43,96,2.2,0,82,416,5.1,15,6,1,22,7,42,1,1,2
,,,,,,,,,,,,,,,,,,,,,,,,
,,,,,,,,,,,,,,,,,,,,,,,,
8/30/2014,,Florida Atlantic,W (55-7),11,30,36.7,95,1,30,105,3.5,0,60,200,3.3,5,7,1,13,3,22,0,0,0
9/6/2014,,McNeese State,W (31-24),12,26,46.2,160,0,45,178,4,2,71,338,4.8,7,7,1,15,6,44,0,1,1
9/13/2014,@,Fresno State,W (55-19),30,59,50.8,241,1,28,105,3.8,1,87,346,4,13,5,2,20,5,55,0,0,0
9/20/2014,,Miami (FL),W (41-31),28,42,66.7,359,3,23,76,3.3,1,65,435,6.7,16,6,2,24,9,82,1,2,3
9/27/2014,,Illinois,W (45-14),17,38,44.7,261,1,24,78,3.3,1,62,339,5.5,10,4,2,16,7,53,0,3,3
10/4/2014,@,Michigan State,L (22-27),11,29,37.9,234,1,44,188,4.3,2,73,422,5.8,8,9,0,17,9,94,2,1,3
10/18/2014,@,Northwestern,W (38-17),18,39,46.2,173,0,34,117,3.4,2,73,290,4,9,8,4,21,8,65,0,1,1
10/25/2014,,Rutgers,W (42-24),12,26,46.2,205,1,38,143,3.8,2,64,348,5.4,8,7,0,15,4,26,0,1,1
11/1/2014,,Purdue,W (35-14),18,46,39.1,216,1,32,124,3.9,1,78,340,4.4,8,8,0,16,5,51,0,2,2
11/15/2014,@,Wisconsin,L (24-59),7,11,63.6,46,1,53,581,11,7,64,627,9.8,3,17,0,20,6,55,4,0,4
11/22/2014,,Minnesota,L (24-28),8,18,44.4,135,0,53,281,5.3,4,71,416,5.9,7,15,1,23,1,15,0,0,0
11/28/2014,@,Iowa,W (37-34),19,38,50,230,2,50,142,2.8,0,88,372,4.2,11,11,2,24,3,21,3,1,4
12/27/2014,N,Southern California*,L (42-45),23,39,59,321,3,34,194,5.7,2,73,515,7.1,13,9,0,22,12,97,0,1,1
,,,,,,,,,,,,,,,,,,,,,,,,
,,,,,,,,,,,,,,,,,,,,,,,,
9/5/2015,,Brigham Young,L (28-33),28,46,60.9,379,2,26,132,5.1,2,72,511,7.1,13,7,1,21,4,30,0,1,1
9/12/2015,,South Alabama,W (48-9),26,45,57.8,313,1,24,19,0.8,0,69,332,4.8,15,1,2,18,7,67,2,1,3
9/19/2015,@,Miami (FL),L (33-36),25,42,59.5,379,2,33,132,4,1,75,511,6.8,18,4,2,24,13,114,0,1,1
9/26/2015,,Southern Mississippi,W (36-28),26,42,61.9,447,2,23,11,0.5,2,65,458,7,15,1,3,19,9,80,1,0,1
10/3/2015,@,Illinois,L (13-14),23,45,51.1,251,2,32,131,4.1,0,77,382,5,11,4,2,17,3,35,0,0,0
10/10/2015,,Wisconsin,L (21-23),24,50,48,322,1,34,147,4.3,1,84,469,5.6,16,6,4,26,6,45,0,0,0
10/17/2015,@,Minnesota,W (48-25),26,40,65,301,1,26,65,2.5,2,66,366,5.5,15,3,0,18,6,55,1,2,3
10/24/2015,,Northwestern,L (28-30),13,28,46.4,177,1,28,156,5.6,1,56,333,5.9,8,5,2,15,5,58,0,0,0
10/31/2015,@,Purdue,L (45-55),28,43,65.1,274,4,37,183,4.9,4,80,457,5.7,10,8,2,20,6,58,0,0,0
11/7/2015,,Michigan State,W (39-38),24,39,61.5,348,4,34,143,4.2,1,73,491,6.7,17,5,3,25,8,76,0,1,1
11/14/2015,@,Rutgers,W (31-14),14,28,50,170,1,39,89,2.3,1,67,259,3.9,8,7,0,15,4,23,0,2,2
11/27/2015,,Iowa,L (20-28),9,16,56.3,97,1,28,153,5.5,2,44,250,5.7,3,4,4,11,6,54,1,0,1
12/26/2015,N,UCLA*,W (37-29),26,41,63.4,319,3,16,67,4.2,1,57,386,6.8,14,2,1,17,7,56,0,2,2
,,,,,,,,,,,,,,,,,,,,,,,,
,,,,,,,,,,,,,,,,,,,,,,,,
9/3/2016,,Fresno State,W (43-10),24,43,55.8,243,1,26,31,1.2,0,69,274,4,12,2,3,17,6,29,0,2,2
9/10/2016,,Wyoming,W (52-17),16,32,50,189,1,31,131,4.2,1,63,320,5.1,8,5,3,16,5,42,1,5,6
9/17/2016,,Oregon,W (35-32),14,23,60.9,146,0,47,336,7.1,5,70,482,6.9,5,14,1,20,13,126,0,0,0
9/24/2016,@,Northwestern,W (24-13),25,38,65.8,251,1,32,137,4.3,1,70,388,5.5,12,9,2,23,4,36,0,2,2
10/1/2016,,Illinois,W (31-16),14,23,60.9,146,0,21,124,5.9,1,44,270,6.1,7,4,1,12,7,48,0,0,0
10/15/2016,@,Indiana,W (27-22),24,39,61.5,245,1,30,88,2.9,1,69,333,4.8,12,4,2,18,1,10,0,2,2
10/22/2016,,Purdue,W (27-14),25,45,55.6,309,2,21,26,1.2,0,66,335,5.1,9,4,0,13,4,32,0,2,2
10/29/2016,@,Wisconsin,L (17-23),14,23,60.9,114,1,38,223,5.9,2,61,337,5.5,7,9,0,16,1,5,0,2,2
11/5/2016,@,Ohio State,L (3-62),32,44,72.7,352,4,42,238,5.7,2,86,590,6.9,17,15,2,34,4,35,1,0,1
11/12/2016,,Minnesota,W (24-17),18,28,64.3,180,0,34,85,2.5,2,62,265,4.3,8,4,3,15,2,15,0,1,1
11/19/2016,,Maryland,W (28-7),15,31,48.4,196,1,25,11,0.4,0,56,207,3.7,7,2,0,9,5,65,0,0,0
11/25/2016,@,Iowa,L (10-40),10,15,66.7,144,3,47,264,5.6,3,62,408,6.6,5,7,1,13,7,70,0,0,0
12/30/2016,N,Tennessee*,L (24-38),23,38,60.5,291,1,38,230,6.1,4,76,521,6.9,12,12,1,25,6,65,1,0,1
,,,,,,,,,,,,,,,,,,,,,,,,
,,,,,,,,,,,,,,,,,,,,,,,,
9/2/2017,,Arkansas State,W (43-36),46,68,67.6,415,3,21,82,3.9,0,89,497,5.6,25,5,2,32,9,63,0,2,2
9/9/2017,@,Oregon,L (35-42),25,33,75.8,365,3,44,201,4.6,3,77,566,7.4,10,11,1,22,12,103,1,1,2
9/16/2017,,Northern Illinois,L (17-21),15,23,65.2,128,0,27,108,4,1,50,236,4.7,5,7,1,13,3,25,1,0,1
9/23/2017,,Rutgers,W (27-17),15,29,51.7,126,0,24,68,2.8,1,53,194,3.7,7,4,1,12,4,35,0,2,2
9/29/2017,@,Illinois,W (28-6),10,16,62.5,106,0,37,93,2.5,0,53,199,3.8,7,6,2,15,5,49,0,1,1
10/7/2017,,Wisconsin,L (17-38),9,17,52.9,113,1,49,353,7.2,3,66,466,7.1,4,14,1,19,8,78,0,1,1
10/14/2017,,Ohio State,L (14-56),31,39,79.5,354,5,47,279,5.9,3,86,633,7.4,19,18,4,41,7,53,0,0,0
10/28/2017,@,Purdue,W (25-24),16,28,57.1,164,1,38,199,5.2,2,66,363,5.5,9,8,3,20,7,63,0,0,0
11/4/2017,,Northwestern,L (24-31),19,35,54.3,243,0,45,232,5.2,4,80,475,5.9,9,14,3,26,6,65,0,2,2
11/11/2017,@,Minnesota,L (21-54),9,16,56.3,105,0,45,409,9.1,6,61,514,8.4,5,17,2,24,3,35,0,0,0
11/18/2017,@,Penn State,L (44-56),26,39,66.7,346,4,35,263,7.5,4,74,609,8.2,18,9,5,32,5,39,1,0,1
11/24/2017,,Iowa,L (14-56),13,20,65,192,2,47,313,6.7,6,67,505,7.5,4,18,1,23,3,30,0,0,0
,,,,,,,,,,,,,,,,,,,,,,,,
,,,,,,,,,,,,,,,,,,,,,,,,
9/8/2018,,Colorado,L (28-33),33,50,66,351,3,35,44,1.3,1,85,395,4.6,16,7,3,26,8,46,0,0,0
9/15/2018,,Troy,L (19-24),14,21,66.7,110,0,34,143,4.2,2,55,253,4.6,4,5,3,12,10,95,1,1,2
9/22/2018,@,Michigan,L (10-56),18,31,58.1,206,2,45,285,6.3,4,76,491,6.5,9,12,1,22,8,77,0,1,1
9/29/2018,,Purdue,L (28-42),25,42,59.5,328,1,37,188,5.1,4,79,516,6.5,11,10,6,27,10,75,0,0,0
10/6/2018,@,Wisconsin,L (24-41),13,24,54.2,163,1,48,370,7.7,4,72,533,7.4,9,15,2,26,5,50,1,0,1
10/13/2018,@,Northwestern,L (31-34),41,64,64.1,455,3,23,32,1.4,0,87,487,5.6,21,4,5,30,1,5,0,2,2
10/20/2018,,Minnesota,W (53-28),20,36,55.6,349,1,36,125,3.5,3,72,474,6.6,16,5,1,22,8,80,0,1,1
10/27/2018,,Bethune-Cookman,W (45-9),13,30,43.3,214,0,40,141,3.5,1,70,355,5.1,8,7,1,16,6,34,1,2,3
11/3/2018,@,Ohio State,L (31-36),18,32,56.3,252,2,40,229,5.7,3,72,481,6.7,10,11,2,23,6,46,2,1,3
11/10/2018,,Illinois,W (54-35),11,25,44,126,0,48,384,8,5,73,510,7,7,16,2,25,7,66,3,2,5
11/17/2018,,Michigan State,W (9-6),15,41,36.6,146,0,38,143,3.8,0,79,289,3.7,7,8,3,18,7,87,1,1,2
11/23/2018,@,Iowa,L (28-31),17,28,60.7,153,2,45,266,5.9,2,73,419,5.7,11,14,0,25,2,20,0,0,0
,,,,,,,,,,,,,,,,,,,,,,,,
,,,,,,,,,,,,,,,,,,,,,,,,
8/31/2019,,South Alabama,W (35-21),19,35,54.3,231,2,44,83,1.9,1,79,314,4,11,6,2,19,7,44,2,3,5
9/7/2019,@,Colorado,L (31-34),28,41,68.3,375,2,37,89,2.4,2,78,464,5.9,13,8,1,22,9,65,1,1,2
9/14/2019,,Northern Illinois,W (44-8),28,49,57.1,276,0,32,74,2.3,0,81,350,4.3,15,4,0,20,4,40,1,1,2
9/21/2019,@,Illinois,W (42-38),9,24,37.5,78,1,38,221,5.8,4,62,299,4.8,4,9,1,14,4,30,0,1,1
9/28/2019,,Ohio State,L (7-48),15,21,71.4,212,3,52,371,7.1,3,73,583,8,10,20,1,31,2,25,0,0,0
10/5/2019,,Northwestern,W (13-10),19,32,59.4,136,0,41,157,3.8,1,73,293,4,6,9,3,18,6,50,0,1,1
10/12/2019,@,Minnesota,L (7-34),8,13,61.5,128,1,49,322,6.6,4,62,450,7.3,4,16,0,20,4,42,0,0,0
10/26/2019,,Indiana,L (31-38),27,40,67.5,351,2,31,104,3.4,3,71,455,6.4,15,6,3,24,6,84,0,1,1
11/2/2019,@,Purdue,L (27-31),31,41,75.6,304,2,36,145,4,2,77,449,5.8,15,8,1,24,10,89,0,2,2
11/16/2019,,Wisconsin,L (21-37),13,21,61.9,162,1,43,324,7.5,2,64,486,7.6,8,16,1,25,4,36,1,0,1
11/23/2019,@,Maryland,W (54-7),7,21,33.3,57,0,31,149,4.8,1,52,206,4,5,4,0,9,4,40,4,0,4
11/29/2019,,Iowa,L (24-27),11,25,44,99,0,31,225,7.3,2,56,324,5.8,4,9,0,13,6,49,1,1,2
,,,,,,,,,,,,,,,,,,,,,,,,
,,,,,,,,,,,,,,,,,,,,,,,,
10/24/2020,@,Ohio State,L (17-52),20,21,95.2,276,2,48,215,4.5,4,69,491,7.1,12,13,3,28,3,14,1,0,1
11/7/2020,@,Northwestern,L (13-21),16,27,59.3,169,2,38,148,3.9,1,65,317,4.9,9,5,0,14,8,64,0,2,2
11/14/2020,,Penn State,W (30-23),19,39,48.7,256,0,52,245,4.7,2,91,501,5.5,12,16,2,30,4,50,1,1,2
11/21/2020,,Illinois,L (23-41),18,25,72,205,1,52,285,5.5,4,77,490,6.4,9,14,2,25,3,31,0,0,0
11/27/2020,@,Iowa,L (20-26),18,30,60,193,1,45,129,2.9,1,75,322,4.3,12,8,2,22,2,20,0,1,1
12/5/2020,@,Purdue,W (37-27),33,47,70.2,334,3,17,-2,-0.1,0,64,332,5.2,15,1,3,19,11,126,0,0,0
12/12/2020,,Minnesota,L (17-24),17,30,56.7,181,1,43,206,4.8,2,73,387,5.3,10,7,2,19,3,20,0,0,0
12/18/2020,@,Rutgers,W (28-21),11,22,50,122,0,30,130,4.3,1,52,252,4.8,4,5,0,9,5,32,0,1,1
,,,,,,,,,,,,,,,,,,,,,,,,
,,,,,,,,,,,,,,,,,,,,,,,,
8/28/2021,@,Illinois,L (22-30),15,19,78.9,159,2,48,167,3.5,1,67,326,4.9,8,9,1,18,3,40,1,0,1
9/4/2021,,Fordham,W (52-7),18,30,60,163,1,27,130,4.8,0,57,293,5.1,7,5,0,12,2,15,0,3,3
9/11/2021,,Buffalo,W (28-3),27,50,54,224,0,33,135,4.1,0,83,359,4.3,11,6,2,19,10,88,0,1,1
9/18/2021,@,Oklahoma,L (16-23),24,34,70.6,214,1,35,194,5.5,2,69,408,5.9,10,10,1,21,7,70,0,0,0
9/25/2021,@,Michigan State,L (20-23),14,23,60.9,183,1,30,71,2.4,0,53,254,4.8,6,4,2,12,5,44,0,1,1
10/2/2021,,Northwestern,W (56-7),25,40,62.5,256,1,26,37,1.4,0,66,293,4.4,10,6,1,17,6,53,1,0,1
10/9/2021,,Michigan,L (29-32),22,39,56.4,255,0,42,204,4.9,3,81,459,5.7,12,12,2,26,6,55,0,1,1
10/16/2021,@,Minnesota,L (23-30),21,25,84,214,3,43,182,4.2,1,68,396,5.8,9,12,1,22,3,25,0,2,2
10/30/2021,,Purdue,L (23-28),34,45,75.6,233,2,38,120,3.2,1,83,353,4.3,16,7,1,24,3,30,0,0,0
11/6/2021,,Ohio State,L (17-26),36,54,66.7,405,2,30,90,3,0,84,495,5.9,18,6,1,25,8,65,0,2,2
11/20/2021,@,Wisconsin,L (28-35),12,18,66.7,145,1,30,253,8.4,3,48,398,8.3,7,7,1,15,4,42,0,0,0
11/26/2021,,Iowa,L (21-28),13,27,48.1,178,0,37,186,5,1,64,364,5.7,9,7,3,19,4,25,1,0,1
,,,,,,,,,,,,,,,,,,,,,,,,
,,,,,,,,,,,,,,,,,,,,,,,,
8/27/2022,N,Northwestern,L (28-31),27,38,71.1,314,2,47,214,4.6,2,85,528,6.2,14,11,0,25,8,65,1,0,1
9/3/2022,,North Dakota,W (38-17),24,37,64.9,131,1,33,175,5.3,1,70,306,4.4,6,10,2,18,6,70,1,0,1
9/10/2022,,Georgia Southern,L (42-45),37,56,66.1,409,1,30,233,7.8,5,86,642,7.5,21,9,4,34,3,15,0,2,2
9/17/2022,,Oklahoma,L (14-49),19,30,63.3,268,3,54,312,5.8,4,84,580,6.9,16,14,1,31,6,65,1,0,1
10/1/2022,,Indiana,W (35-21),22,44,50,223,1,23,67,2.9,1,67,290,4.3,10,2,2,14,11,92,0,1,1
10/7/2022,@,Rutgers,W (14-13),12,30,40,233,0,38,115,3,1,68,348,5.1,8,6,0,14,9,97,0,3,3
10/15/2022,@,Purdue,L (37-43),35,54,64.8,391,4,47,217,4.6,1,101,608,6,18,18,2,38,2,14,0,1,1
10/29/2022,,Illinois,L (9-26),20,22,90.9,179,2,48,188,3.9,1,70,367,5.2,9,8,1,18,8,72,1,0,1
11/5/2022,,Minnesota,L (13-20),12,20,60,175,0,45,125,2.8,2,65,300,4.6,7,11,0,18,2,18,0,0,0
11/12/2022,@,Michigan,L (3-34),10,20,50,148,2,49,264,5.4,2,69,412,6,6,20,1,27,1,15,0,0,0
11/19/2022,,Wisconsin,L (14-15),8,18,44.4,83,1,52,235,4.5,1,70,318,4.5,6,15,0,21,5,50,0,1,1
11/25/2022,@,Iowa,W (24-17),17,39,43.6,150,1,33,124,3.8,1,72,274,3.8,8,9,1,18,7,65,3,1,4
