date,home_away,opponent,score,passing_cmp,passing_att,passing_pct,passing_yds,passing_td,rushing_att,rushing_yds,rushing_avg,rushing_td,total_plays,total_yds,total_avg,first_down_pass,first_down_rush,first_down_pen,first_down_total,penalties,penalty_yds,fumbles,intceptions,turnovers
,,,,,,,,,,,,,,,,,,,,,,,,
,,,,,,,,,,,,,,,,,,,,,,,,
2000-09-02,,San Jose State,W (49-13),5,13,38.5,91,1,60,505,8.4,6,73,596,8.2,4,24,0,28,4,31,0,3,3
2000-09-09,@,Notre Dame,W (27-24),7,15,46.7,103,0,59,274,4.6,4,74,377,5.1,5,14,1,20,6,44,0,1,1
2000-09-23,,Iowa,W (42-13),10,13,76.9,159,5,51,331,6.5,0,64,490,7.7,6,17,0,23,5,55,1,0,1
2000-09-30,,Missouri,W (42-24),11,23,47.8,173,2,53,311,5.9,2,76,484,6.4,11,12,4,27,7,53,0,0,0
2000-10-07,@,Iowa State,W (49-27),7,17,41.2,164,0,60,336,5.6,6,77,500,6.5,7,13,0,20,5,38,0,1,1
2000-10-14,@,Texas Tech,W (56-3),7,14,50.0,98,1,77,442,5.7,6,91,540,5.9,4,25,1,30,9,68,1,1,2
2000-10-21,,Baylor,W (59-0),5,12,41.7,49,0,67,459,6.9,7,79,508,6.4,2,21,0,23,12,109,0,0,0
2000-10-28,@,Oklahoma,L (14-31),12,27,44.4,133,1,43,195,4.5,1,70,328,4.7,6,10,0,16,4,50,1,1,2
2000-11-04,,Kansas,W (56-17),7,8,87.5,69,1,73,493,6.8,7,81,562,6.9,3,26,2,31,3,29,2,0,2
2000-11-11,@,Kansas State,L (28-29),2,13,15.4,39,0,45,200,4.4,3,58,239,4.1,2,8,1,11,11,94,1,1,2
2000-11-24,,Colorado,W (34-32),11,17,64.7,139,0,48,296,6.2,3,65,435,6.7,7,15,1,23,5,51,3,0,3
2000-12-30,N,Northwestern*,W (66-17),,,,,,,,,,0,0,,,,,,,,,,
,,,,,,,,,,,,,,,,,,,,,,,,
,,,,,,,,,,,,,,,,,,,,,,,,
2001-08-25,,TCU,W (21-7),10,18,55.6,151,0,50,159,3.2,3,68,310,4.6,5,9,2,16,5,46,1,1,2
2001-09-01,,Troy,W (42-14),9,16,56.3,127,0,60,330,5.5,5,76,457,6.0,5,19,1,25,4,60,2,1,3
2001-09-08,,Notre Dame,W (27-10),6,9,66.7,88,1,52,182,3.5,2,61,270,4.4,5,10,1,16,10,69,2,0,2
2001-09-20,,Rice,W (48-3),12,15,80.0,205,3,53,292,5.5,4,68,497,7.3,8,16,0,24,4,46,0,0,0
2001-09-29,@,Missouri,W (36-3),8,15,53.3,120,0,72,412,5.7,5,87,532,6.1,6,19,1,26,9,85,1,1,2
2001-10-06,,Iowa State,W (48-14),11,16,68.8,117,0,54,359,6.6,6,70,476,6.8,5,18,2,25,3,40,0,1,1
2001-10-13,@,Baylor,W (48-7),4,9,44.4,47,0,73,641,8.8,7,82,688,8.4,3,27,1,31,4,32,5,0,5
2001-10-20,,Texas Tech,W (41-31),10,22,45.5,196,3,56,335,6.0,2,78,531,6.8,9,19,2,30,9,93,0,2,2
2001-10-27,,Oklahoma,W (20-10),11,19,57.9,165,1,44,164,3.7,1,63,329,5.2,5,7,1,13,6,57,0,1,1
2001-11-03,@,Kansas,W (51-7),14,25,56.0,164,0,51,284,5.6,5,76,448,5.9,7,17,0,24,3,25,0,0,0
2001-11-10,,Kansas State,W (31-21),3,7,42.9,60,0,58,264,4.6,2,65,324,5.0,2,16,0,18,4,41,1,2,3
2001-11-23,@,Colorado,L (36-62),13,28,46.4,198,0,49,354,7.2,5,77,552,7.2,8,13,0,21,8,80,2,2,4
2002-01-03,N,Miami (FL)*,L (14-37),,,,,,,,,,0,0,,,,,,,,,,
,,,,,,,,,,,,,,,,,,,,,,,,
,,,,,,,,,,,,,,,,,,,,,,,,
2002-08-24,,Arizona State,W (48-10),5,13,38.5,33,1,59,283,4.8,3,72,316,4.4,1,15,3,19,6,42,0,0,0
2002-08-31,,Troy,W (31-16),8,16,50.0,114,0,54,199,3.7,2,70,313,4.5,4,12,1,17,3,25,1,1,2
2002-09-07,,Utah State,W (44-13),8,15,53.3,130,2,54,288,5.3,4,69,418,6.1,6,13,1,20,3,16,2,0,2
2002-09-14,@,Penn State,L (7-40),8,16,50.0,76,0,45,252,5.6,1,61,328,5.4,4,14,0,18,7,60,0,3,3
2002-09-28,@,Iowa State,L (14-36),12,29,41.4,192,1,30,81,2.7,1,59,273,4.6,6,4,0,10,10,75,4,1,5
2002-10-05,,McNeese State,W (38-14),12,18,66.7,151,1,52,444,8.5,4,70,595,8.5,10,16,0,26,5,66,0,1,1
2002-10-12,,Missouri,W (24-13),4,12,33.3,34,1,62,325,5.2,1,74,359,4.9,2,16,2,20,6,66,1,0,1
2002-10-19,@,Oklahoma State,L (21-24),7,14,50.0,110,0,54,259,4.8,3,68,369,5.4,6,11,1,18,6,55,1,0,1
2002-10-26,@,Texas A&M,W (38-31),7,12,58.3,116,0,73,381,5.2,5,85,497,5.8,5,23,0,28,7,65,2,0,2
2002-11-02,,Texas,L (24-27),7,16,43.8,98,2,47,320,6.8,1,63,418,6.6,3,12,2,17,6,55,0,2,2
2002-11-09,,Kansas,W (45-7),5,15,33.3,62,2,56,352,6.3,3,71,414,5.8,3,14,2,19,7,60,0,1,1
2002-11-16,@,Kansas State,L (13-49),9,25,36.0,134,0,40,97,2.4,1,65,231,3.6,6,7,2,15,10,94,0,0,0
2002-11-29,,Colorado,L (13-28),6,17,35.3,119,1,46,215,4.7,0,63,334,5.3,3,13,2,18,3,35,1,1,2
2002-12-27,N,Mississippi*,L (23-27),7,17,41.2,93,1,52,266,5.1,0,69,359,5.2,5,11,1,17,6,70,0,2,2
,,,,,,,,,,,,,,,,,,,,,,,,
,,,,,,,,,,,,,,,,,,,,,,,,
2003-08-30,,Oklahoma State,W (17-7),8,16,50.0,78,0,65,268,4.1,1,81,346,4.3,4,13,2,19,9,75,1,1,2
2003-09-06,,Utah State,W (31-7),12,17,70.6,132,0,64,273,4.3,3,81,405,5.0,4,18,0,22,5,50,2,0,2
2003-09-13,,Penn State,W (18-10),4,6,66.7,60,0,72,337,4.7,1,78,397,5.1,3,20,0,23,7,47,1,1,2
2003-09-25,@,Southern Mississippi,W (38-14),6,15,40.0,124,2,45,141,3.1,3,60,265,4.4,3,6,2,11,9,50,0,1,1
2003-10-04,,Troy,W (30-0),9,15,60.0,160,1,47,186,4.0,3,62,346,5.6,5,8,2,15,5,36,2,1,3
2003-10-11,@,Missouri,L (24-41),12,19,63.2,146,1,54,253,4.7,2,73,399,5.5,6,17,0,23,9,42,4,1,5
2003-10-18,,Texas A&M,W (48-12),3,9,33.3,51,1,68,333,4.9,4,77,384,5.0,2,18,1,21,7,77,0,0,0
2003-10-25,,Iowa State,W (28-0),4,7,57.1,35,0,54,282,5.2,3,61,317,5.2,1,12,0,13,10,67,1,1,2
2003-11-01,@,Texas,L (7-31),5,15,33.3,122,1,40,53,1.3,0,55,175,3.2,3,4,1,8,6,60,0,1,1
2003-11-08,@,Kansas,W (24-3),7,12,58.3,110,0,53,290,5.5,3,65,400,6.2,5,16,6,27,8,87,1,1,2
2003-11-15,,Kansas State,L (9-38),8,26,30.8,98,1,41,195,4.8,0,67,293,4.4,7,9,0,16,1,5,2,2,4
2003-11-28,@,Colorado,W (31-22),8,18,44.4,146,1,59,223,3.8,3,77,369,4.8,6,12,0,18,5,45,0,0,0
2003-12-29,N,Michigan State*,W (17-3),8,17,47.1,160,0,54,229,4.2,2,71,389,5.5,6,12,2,20,8,69,0,0,0
,,,,,,,,,,,,,,,,,,,,,,,,
,,,,,,,,,,,,,,,,,,,,,,,,
2004-09-04,,Western Illinois,W (56-17),16,31,51.6,218,4,39,363,9.3,4,70,581,8.3,12,18,0,30,6,55,2,4,6
2004-09-11,,Southern Mississippi,L (17-21),22,42,52.4,202,2,46,274,6.0,0,88,476,5.4,13,12,1,26,5,25,2,3,5
2004-09-18,@,Pittsburgh,W (24-17),11,23,47.8,142,1,43,123,2.9,2,66,265,4.0,7,6,2,15,8,60,0,1,1
2004-10-02,,Kansas,W (14-8),16,24,66.7,183,1,32,139,4.3,1,56,322,5.8,6,5,0,11,8,66,1,3,4
2004-10-09,@,Texas Tech,L (10-70),15,42,35.7,199,1,37,93,2.5,0,79,292,3.7,11,4,4,19,5,36,2,5,7
2004-10-16,,Baylor,W (59-27),13,20,65.0,342,5,42,169,4.0,3,62,511,8.2,11,8,0,19,7,47,0,0,0
2004-10-23,@,Kansas State,L (21-45),3,12,25.0,116,0,34,106,3.1,2,46,222,4.8,2,6,1,9,6,45,3,1,4
2004-10-30,,Missouri,W (24-3),4,17,23.5,26,0,41,209,5.1,2,58,235,4.1,0,8,0,8,7,58,0,0,0
2004-11-06,@,Iowa State,L (27-34),19,43,44.2,249,1,35,195,5.6,3,78,444,5.7,11,6,3,20,11,84,0,1,1
2004-11-13,@,Oklahoma,L (3-30),8,13,61.5,73,0,40,201,5.0,0,53,274,5.2,4,8,1,13,7,60,0,1,1
2004-11-26,,Colorado,L (20-26),29,55,52.7,306,2,23,67,2.9,1,78,373,4.8,19,4,1,24,5,25,0,4,4
,,,,,,,,,,,,,,,,,,,,,,,,
,,,,,,,,,,,,,,,,,,,,,,,,
2005-09-03,,Maine,W (25-7),15,36,41.7,192,0,42,121,2.9,1,78,313,4.0,9,7,1,17,0,0,3,2,5
2005-09-10,,Wake Forest,W (31-3),14,33,42.4,114,1,30,120,4.0,0,63,234,3.7,7,3,3,13,10,86,0,1,1
2005-09-17,,Pittsburgh,W (7-6),10,20,50.0,93,0,48,174,3.6,1,68,267,3.9,1,12,1,14,11,91,0,0,0
2005-10-01,,Iowa State,W (27-20),36,55,65.5,431,2,25,36,1.4,1,80,467,5.8,24,1,1,26,8,80,1,0,1
2005-10-08,,Texas Tech,L (31-34),21,35,60.0,229,2,35,135,3.9,2,70,364,5.2,11,7,4,22,8,72,3,2,5
2005-10-15,@,Baylor,W (23-14),18,32,56.3,168,2,51,182,3.6,0,83,350,4.2,10,10,5,25,5,25,1,0,1
2005-10-22,@,Missouri,L (24-41),22,43,51.2,281,2,19,-2,-0.1,1,62,279,4.5,8,4,1,13,12,99,1,2,3
2005-10-29,,Oklahoma,L (24-31),26,46,56.5,267,3,34,16,0.5,0,80,283,3.5,15,4,1,20,5,34,0,2,2
2005-11-05,@,Kansas,L (15-40),14,27,51.9,117,1,22,21,1.0,1,49,138,2.8,5,2,0,7,6,32,0,1,1
2005-11-12,,Kansas State,W (27-25),22,38,57.9,241,2,35,93,2.7,1,73,334,4.6,12,5,3,20,8,47,2,1,3
2005-11-25,@,Colorado,W (30-3),27,48,56.3,392,2,42,105,2.5,1,90,497,5.5,16,9,3,28,7,51,0,0,0
2005-12-28,N,Michigan*,W (32-28),14,31,45.2,167,3,37,151,4.1,1,68,318,4.7,6,7,3,16,9,76,0,2,2
,,,,,,,,,,,,,,,,,,,,,,,,
,,,,,,,,,,,,,,,,,,,,,,,,
2006-09-02,,Louisiana Tech,W (49-10),24,36,66.7,332,4,48,252,5.3,3,84,584,7.0,14,16,0,30,5,45,1,1,2
2006-09-09,,Nicholls State,W (56-7),21,26,80.8,237,4,50,261,5.2,4,76,498,6.6,12,17,1,30,3,20,1,0,1
2006-09-16,@,Southern California,L (10-28),9,17,52.9,143,0,36,68,1.9,1,53,211,4.0,7,3,0,10,5,51,1,0,1
2006-09-23,,Troy,W (56-0),16,23,69.6,281,2,46,316,6.9,6,69,597,8.7,11,12,2,25,8,65,0,1,1
2006-09-30,,Kansas,W (39-32),15,33,45.5,395,4,32,116,3.6,1,65,511,7.9,11,5,0,16,5,35,3,0,3
2006-10-07,@,Iowa State,W (28-14),17,21,81.0,131,1,45,251,5.6,3,66,382,5.8,5,11,1,17,7,70,1,0,1
2006-10-14,@,Kansas State,W (21-3),13,22,59.1,166,2,43,190,4.4,1,65,356,5.5,9,7,0,16,2,20,0,0,0
2006-10-21,,Texas,L (20-22),16,29,55.2,302,3,24,38,1.6,0,53,340,6.4,10,3,2,15,7,67,2,1,3
2006-10-28,@,Oklahoma State,L (29-41),21,39,53.8,241,2,40,211,5.3,2,79,452,5.7,12,14,3,29,5,40,1,0,1
2006-11-04,,Missouri,W (34-20),14,22,63.6,236,3,47,183,3.9,1,69,419,6.1,11,8,1,20,3,19,2,0,2
2006-11-11,@,Texas A&M,W (28-27),21,36,58.3,267,2,38,123,3.2,2,74,390,5.3,12,6,1,19,5,43,0,1,1
2006-11-24,,Colorado,W (37-14),20,30,66.7,278,3,46,190,4.1,2,76,468,6.2,11,11,2,24,10,70,2,0,2
2006-12-02,N,Oklahoma,L (7-21),23,50,46.0,282,1,21,84,4.0,0,71,366,5.2,11,6,0,17,5,24,2,3,5
2007-01-01,N,Auburn*,L (14-17),14,27,51.9,126,1,38,104,2.7,1,65,230,3.5,8,6,3,17,4,45,1,1,2
,,,,,,,,,,,,,,,,,,,,,,,,
,,,,,,,,,,,,,,,,,,,,,,,,
2007-09-01,,Nevada,W (52-10),15,26,57.7,212,1,70,413,5.9,6,96,625,6.5,12,20,3,35,8,65,0,1,1
2007-09-08,@,Wake Forest,W (20-17),24,41,58.5,258,1,34,115,3.4,1,75,373,5.0,12,7,2,21,5,26,1,2,3
2007-09-15,,Southern California,L (31-49),36,54,66.7,389,2,28,31,1.1,2,82,420,5.1,19,3,6,28,6,45,0,2,2
2007-09-22,,Ball State,W (41-40),29,37,78.4,438,3,36,114,3.2,2,73,552,7.6,17,7,1,25,5,50,2,1,3
2007-09-29,,Iowa State,W (35-17),19,29,65.5,239,3,30,130,4.3,1,59,369,6.3,13,4,0,17,4,50,2,1,3
2007-10-06,@,Missouri,L (6-41),25,43,58.1,223,0,25,74,3.0,0,68,297,4.4,14,4,2,20,10,57,0,1,1
2007-10-13,,Oklahoma State,L (14-45),10,18,55.6,129,2,50,206,4.1,0,68,335,4.9,7,8,2,17,6,57,1,2,3
2007-10-20,,Texas A&M,L (14-36),26,44,59.1,275,1,26,130,5.0,1,70,405,5.8,16,7,1,24,4,30,3,0,3
2007-10-27,@,Texas,L (25-28),25,38,65.8,315,3,38,132,3.5,0,76,447,5.9,15,5,0,20,9,59,1,0,1
2007-11-03,@,Kansas,L (39-76),25,50,50.0,405,4,23,79,3.4,1,73,484,6.6,16,6,0,22,4,22,1,4,5
2007-11-10,,Kansas State,W (73-31),31,43,72.1,519,7,37,183,4.9,2,80,702,8.8,23,11,1,35,6,71,0,0,0
2007-11-23,@,Colorado,L (51-65),31,58,53.4,484,4,20,126,6.3,3,78,610,7.8,20,7,1,28,10,57,0,3,3
,,,,,,,,,,,,,,,,,,,,,,,,
,,,,,,,,,,,,,,,,,,,,,,,,
2008-08-30,,Western Michigan,W (47-24),20,36,55.6,345,4,31,138,4.5,1,67,483,7.2,14,7,3,24,6,60,0,2,2
2008-09-06,,San Jose State,W (35-12),18,27,66.7,216,0,30,99,3.3,3,57,315,5.5,11,6,2,19,12,103,1,1,2
2008-09-13,,New Mexico State,W (38-7),18,24,75.0,223,2,44,330,7.5,3,68,553,8.1,12,15,1,28,7,41,1,0,1
2008-09-27,,Virginia Tech,L (30-35),17,26,65.4,278,2,25,55,2.2,1,51,333,6.5,10,3,1,14,7,69,1,1,2
2008-10-04,,Missouri,L (17-52),27,39,69.2,293,2,34,76,2.2,0,73,369,5.1,16,4,1,21,14,101,1,1,2
2008-10-11,@,Texas Tech,L (31-37),37,45,82.2,357,2,35,114,3.3,2,80,471,5.9,17,11,1,29,8,55,0,1,1
2008-10-18,@,Iowa State,W (35-7),27,37,73.0,328,1,41,220,5.4,4,78,548,7.0,18,9,2,29,4,45,3,0,3
2008-10-25,,Baylor,W (32-20),32,46,69.6,336,3,37,161,4.4,1,83,497,6.0,17,9,0,26,6,70,1,0,1
2008-11-01,@,Oklahoma,L (28-62),16,28,57.1,214,1,35,204,5.8,3,63,418,6.6,6,9,0,15,8,74,2,2,4
2008-11-08,,Kansas,W (45-35),29,38,76.3,328,4,35,167,4.8,2,73,495,6.8,16,8,0,24,4,30,2,1,3
2008-11-15,@,Kansas State,W (56-28),16,25,64.0,270,2,53,340,6.4,6,78,610,7.8,11,18,0,29,7,56,1,1,2
2008-11-28,,Colorado,W (40-31),19,26,73.1,229,2,51,178,3.5,1,77,407,5.3,12,11,0,23,3,15,2,0,2
2009-01-01,N,Clemson*,W (26-21),19,36,52.8,236,2,35,125,3.6,0,71,361,5.1,11,3,0,14,8,81,2,1,3
,,,,,,,,,,,,,,,,,,,,,,,,
,,,,,,,,,,,,,,,,,,,,,,,,
2009-09-05,,Florida Atlantic,W (49-3),17,25,68.0,231,2,32,259,8.1,5,57,490,8.6,8,13,1,22,9,86,0,1,1
2009-09-12,,Arkansas State,W (38-9),30,41,73.2,358,4,28,136,4.9,1,69,494,7.2,19,7,1,27,3,40,0,0,0
2009-09-19,@,Virginia Tech,L (15-16),11,30,36.7,136,0,36,207,5.8,0,66,343,5.2,7,9,2,18,9,60,0,2,2
2009-09-26,,Louisiana,W (55-0),22,26,84.6,300,2,34,133,3.9,4,60,433,7.2,13,7,1,21,6,54,0,0,0
2009-10-08,@,Missouri,W (27-12),14,33,42.4,158,3,33,105,3.2,1,66,263,4.0,6,6,2,14,12,108,2,0,2
2009-10-17,,Texas Tech,L (10-31),23,38,60.5,215,1,30,70,2.3,0,68,285,4.2,11,4,1,16,12,95,1,1,2
2009-10-24,,Iowa State,L (7-9),20,37,54.1,248,0,28,114,4.1,1,65,362,5.6,9,4,2,15,3,25,5,3,8
2009-10-31,@,Baylor,W (20-10),12,21,57.1,128,0,38,145,3.8,1,59,273,4.6,6,5,0,11,6,65,1,1,2
2009-11-07,,Oklahoma,W (10-3),7,14,50.0,39,1,43,141,3.3,0,57,180,3.2,2,4,1,7,11,104,1,0,1
2009-11-14,@,Kansas,W (31-17),13,21,61.9,196,0,42,214,5.1,3,63,410,6.5,6,10,2,18,5,55,0,0,0
2009-11-21,,Kansas State,W (17-3),13,19,68.4,166,1,45,101,2.2,1,64,267,4.2,9,7,3,19,3,34,0,1,1
2009-11-27,@,Colorado,W (28-20),9,14,64.3,73,1,40,144,3.6,1,54,217,4.0,5,9,0,14,7,49,1,0,1
2009-12-05,N,Texas,L (12-13),6,20,30.0,39,0,35,67,1.9,0,55,106,1.9,3,2,0,5,7,64,0,3,3
2009-12-30,N,Arizona*,W (33-0),13,25,52.0,173,1,48,223,4.6,2,73,396,5.4,7,11,1,19,7,55,0,0,0
,,,,,,,,,,,,,,,,,,,,,,,,
,,,,,,,,,,,,,,,,,,,,,,,,
2010-09-04,,Western Kentucky,W (49-10),17,25,68.0,247,1,33,289,8.8,6,58,536,9.2,11,12,0,23,6,75,2,0,2
2010-09-11,,Idaho,W (38-17),13,18,72.2,111,0,41,360,8.8,3,59,471,8.0,5,13,0,18,10,123,3,1,4
2010-09-18,@,Washington,W (56-21),7,11,63.6,150,1,54,383,7.1,6,65,533,8.2,6,15,0,21,7,49,1,0,1
2010-09-25,,South Dakota State,W (17-3),6,16,37.5,140,1,48,205,4.3,1,64,345,5.4,4,9,2,15,6,47,1,2,3
2010-10-07,@,Kansas State,W (48-13),6,10,60.0,136,1,42,451,10.7,5,52,587,11.3,4,16,1,21,6,48,0,0,0
2010-10-16,,Texas,L (13-20),8,21,38.1,77,0,44,125,2.8,0,65,202,3.1,3,7,3,13,10,94,1,0,1
2010-10-23,@,Oklahoma State,W (51-41),23,35,65.7,323,5,44,217,4.9,0,79,540,6.8,12,11,2,25,7,55,1,0,1
2010-10-30,,Missouri,W (31-17),7,12,58.3,126,1,47,328,7.0,3,59,454,7.7,6,11,0,17,6,53,0,0,0
2010-11-06,@,Iowa State,W (31-30),7,12,58.3,79,0,52,235,4.5,3,64,314,4.9,6,9,0,15,6,54,2,0,2
2010-11-13,,Kansas,W (20-3),14,26,53.8,167,0,49,230,4.7,2,75,397,5.3,9,11,0,20,6,54,1,1,2
2010-11-20,@,Texas A&M,L (6-9),17,28,60.7,164,0,37,142,3.8,0,65,306,4.7,6,9,0,15,16,145,0,2,2
2010-11-26,,Colorado,W (45-17),15,19,78.9,142,4,59,265,4.5,2,78,407,5.2,9,14,1,24,8,79,0,0,0
2010-12-04,N,Oklahoma,L (20-23),13,28,46.4,148,1,43,145,3.4,1,71,293,4.1,7,6,0,13,3,15,3,1,4
2010-12-30,N,Washington*,L (7-19),10,21,47.6,98,1,41,91,2.2,0,62,189,3.0,7,6,1,14,12,102,1,1,2
,,,,,,,,,,,,,,,,,,,,,,,,
,,,,,,,,,,,,,,,,,,,,,,,,
2011-09-03,,Chattanooga,W (40-7),12,25,48.0,135,0,43,229,5.3,4,68,364,5.4,7,8,3,18,3,33,2,0,2
2011-09-10,,Fresno State,W (42-29),10,21,47.6,219,1,35,219,6.3,4,56,438,7.8,7,7,2,16,3,25,0,2,2
2011-09-17,,Washington,W (51-38),10,21,47.6,155,2,55,309,5.6,4,76,464,6.1,6,16,0,22,7,60,1,0,1
2011-09-24,@,Wyoming,W (38-14),12,21,57.1,157,1,49,333,6.8,4,70,490,7.0,7,15,2,24,5,48,1,0,1
2011-10-01,@,Wisconsin,L (17-48),11,22,50.0,176,0,43,159,3.7,2,65,335,5.2,8,12,0,20,9,80,0,3,3
2011-10-08,,Ohio State,W (34-27),16,22,72.7,191,2,51,232,4.5,2,73,423,5.8,9,13,3,25,6,50,0,1,1
2011-10-22,@,Minnesota,W (41-14),14,23,60.9,169,1,56,346,6.2,3,79,515,6.5,7,20,0,27,5,43,0,0,0
2011-10-29,,Michigan State,W (24-3),7,13,53.8,80,1,58,190,3.3,2,71,270,3.8,5,8,5,18,9,58,0,1,1
2011-11-05,,Northwestern,L (25-28),28,37,75.7,289,2,35,122,3.5,1,72,411,5.7,14,6,1,21,6,41,2,0,2
2011-11-12,@,Penn State,W (17-14),13,27,48.1,143,0,48,188,3.9,2,75,331,4.4,10,10,1,21,6,45,1,0,1
2011-11-19,@,Michigan,L (17-45),9,23,39.1,122,1,31,138,4.5,1,54,260,4.8,4,7,0,11,8,73,3,0,3
2011-11-25,,Iowa,W (20-7),12,22,54.5,163,1,61,222,3.6,1,83,385,4.6,9,13,3,25,9,74,0,0,0
2012-01-02,N,South Carolina*,L (13-30),10,16,62.5,116,1,46,137,3.0,1,62,253,4.1,7,8,2,17,10,58,1,1,2
,,,,,,,,,,,,,,,,,,,,,,,,
,,,,,,,,,,,,,,,,,,,,,,,,
2012-09-01,,Southern Mississippi,W (49-20),26,34,76.5,354,5,45,278,6.2,2,79,632,8.0,17,15,1,33,2,30,0,0,0
2012-09-08,@,UCLA,L (30-36),17,31,54.8,179,0,36,260,7.2,3,67,439,6.6,8,10,2,20,7,60,1,1,2
2012-09-15,,Arkansas State,W (42-13),13,14,92.9,180,2,59,347,5.9,4,73,527,7.2,9,16,1,26,4,34,4,0,4
2012-09-22,,Idaho State,W (73-7),12,18,66.7,184,3,52,385,7.4,5,70,569,8.1,3,21,2,26,9,104,2,1,3
2012-09-29,,Wisconsin,W (30-27),17,29,58.6,181,2,46,259,5.6,1,75,440,5.9,10,13,1,24,6,70,2,0,2
2012-10-06,@,Ohio State,L (38-63),15,25,60.0,214,1,46,223,4.8,4,71,437,6.2,7,10,4,21,9,75,1,3,4
2012-10-20,@,Northwestern,W (29-28),27,39,69.2,342,3,44,201,4.6,1,83,543,6.5,12,12,2,26,8,62,3,0,3
2012-10-27,,Michigan,W (23-9),14,24,58.3,166,1,41,160,3.9,1,65,326,5.0,8,10,2,20,8,104,1,1,2
2012-11-03,@,Michigan State,W (28-24),16,36,44.4,160,2,40,313,7.8,2,76,473,6.2,7,12,4,23,9,72,0,3,3
2012-11-10,,Penn State,W (32-23),12,20,60.0,171,1,57,267,4.7,2,77,438,5.7,5,15,1,21,7,55,2,0,2
2012-11-17,,Minnesota,W (38-14),22,33,66.7,311,2,47,133,2.8,2,80,444,5.6,15,7,3,25,5,47,2,0,2
2012-11-23,@,Iowa,W (13-7),8,14,57.1,63,0,53,200,3.8,1,67,263,3.9,3,13,0,16,2,25,2,0,2
2012-12-01,N,Wisconsin,L (31-70),18,34,52.9,195,0,44,282,6.4,4,78,477,6.1,9,11,3,23,4,40,1,2,3
2013-01-01,N,Georgia*,L (31-45),16,27,59.3,204,2,52,239,4.6,1,79,443,5.6,8,15,3,26,8,69,1,2,3
,,,,,,,,,,,,,,,,,,,,,,,,
,,,,,,,,,,,,,,,,,,,,,,,,
2013-08-31,,Wyoming,W (37-34),17,22,77.3,155,3,63,375,6.0,2,85,530,6.2,8,17,2,27,10,84,1,1,2
2013-09-07,,Southern Mississippi,W (56-13),19,28,67.9,194,3,46,285,6.2,3,74,479,6.5,13,16,1,30,6,75,1,0,1
2013-09-14,,UCLA,L (21-41),21,35,60.0,203,3,42,128,3.0,0,77,331,4.3,11,8,2,21,8,70,1,0,1
2013-09-21,,South Dakota State,W (59-20),21,26,80.8,310,2,51,335,6.6,5,77,645,8.4,15,17,2,34,4,33,2,0,2
2013-10-05,,Illinois,W (39-19),11,20,55.0,186,2,50,335,6.7,3,70,521,7.4,8,14,2,24,8,71,1,0,1
2013-10-12,@,Purdue,W (44-7),16,31,51.6,184,1,56,251,4.5,5,87,435,5.0,9,12,0,21,8,75,0,3,3
2013-10-26,@,Minnesota,L (23-34),16,30,53.3,139,1,30,189,6.3,1,60,328,5.5,5,10,2,17,3,21,1,1,2
2013-11-02,,Northwestern,W (27-24),22,42,52.4,277,2,50,195,3.9,1,92,472,5.1,15,13,0,28,4,40,0,4,4
2013-11-09,@,Michigan,W (17-13),12,23,52.2,145,1,43,128,3.0,1,66,273,4.1,6,8,1,15,5,31,2,0,2
2013-11-16,,Michigan State,L (28-41),17,32,53.1,210,3,32,182,5.7,1,64,392,6.1,11,7,1,19,3,30,4,1,5
2013-11-23,@,Penn State,W (23-20),21,36,58.3,192,1,41,168,4.1,0,77,360,4.7,11,7,1,19,7,54,2,0,2
2013-11-29,,Iowa,L (17-38),19,37,51.4,199,1,37,89,2.4,1,74,288,3.9,11,8,1,20,5,42,1,2,3
2014-01-01,N,Georgia*,W (24-19),6,16,37.5,163,2,43,144,3.3,1,59,307,5.2,5,7,2,14,6,50,0,1,1
,,,,,,,,,,,,,,,,,,,,,,,,
,,,,,,,,,,,,,,,,,,,,,,,,
2014-08-30,,Florida Atlantic,W (55-7),17,35,48.6,286,2,57,498,8.7,5,92,784,8.5,11,24,0,35,6,60,0,0,0
2014-09-06,,McNeese State,W (31-24),16,31,51.6,242,2,33,195,5.9,2,64,437,6.8,9,7,1,17,5,40,0,1,1
2014-09-13,@,Fresno State,W (55-19),14,24,58.3,282,4,42,280,6.7,2,66,562,8.5,13,7,2,22,6,61,1,0,1
2014-09-20,,Miami (FL),W (41-31),9,13,69.2,113,2,54,343,6.4,2,67,456,6.8,5,17,5,27,7,69,1,1,2
2014-09-27,,Illinois,W (45-14),10,21,47.6,166,1,70,458,6.5,5,91,624,6.9,6,26,3,35,8,70,1,1,2
2014-10-04,@,Michigan State,L (22-27),21,45,46.7,282,0,37,47,1.3,2,82,329,4.0,12,5,3,20,6,48,2,2,4
2014-10-18,@,Northwestern,W (38-17),19,30,63.3,237,1,44,234,5.3,4,74,471,6.4,11,12,2,25,7,68,0,0,0
2014-10-25,,Rutgers,W (42-24),14,22,63.6,163,2,41,292,7.1,4,63,455,7.2,8,11,2,21,5,35,1,1,2
2014-11-01,,Purdue,W (35-14),8,21,38.1,118,1,51,179,3.5,4,72,297,4.1,6,10,1,17,3,30,1,2,3
2014-11-15,@,Wisconsin,L (24-59),6,18,33.3,62,1,46,118,2.6,2,64,180,2.8,3,7,2,12,7,55,4,1,5
2014-11-22,,Minnesota,L (24-28),12,20,60.0,223,1,38,174,4.6,1,58,397,6.8,7,10,1,18,3,25,2,0,2
2014-11-28,@,Iowa,W (37-34),12,28,42.9,202,4,31,161,5.2,0,59,363,6.2,8,4,1,13,5,49,0,2,2
2014-12-27,N,Southern California*,L (42-45),32,51,62.7,381,3,43,144,3.3,2,94,525,5.6,16,9,3,28,7,45,0,1,1
,,,,,,,,,,,,,,,,,,,,,,,,
,,,,,,,,,,,,,,,,,,,,,,,,
2015-09-05,,Brigham Young,L (28-33),24,41,58.5,319,3,37,126,3.4,1,78,445,5.7,16,9,0,25,12,90,1,1,2
2015-09-12,,South Alabama,W (48-9),26,38,68.4,303,3,37,258,7.0,3,75,561,7.5,16,14,1,31,7,80,0,1,1
2015-09-19,@,Miami (FL),L (33-36),21,45,46.7,309,4,32,153,4.8,0,77,462,6.0,12,8,4,24,12,98,0,3,3
2015-09-26,,Southern Mississippi,W (36-28),23,35,65.7,368,2,39,242,6.2,1,74,610,8.2,14,10,1,25,12,98,1,1,2
2015-10-03,@,Illinois,L (13-14),10,31,32.3,105,0,34,187,5.5,1,65,292,4.5,2,9,1,12,6,42,1,1,2
2015-10-10,,Wisconsin,L (21-23),11,28,39.3,129,1,37,196,5.3,2,65,325,5.0,7,5,1,13,9,89,1,0,1
2015-10-17,@,Minnesota,W (48-25),18,26,69.2,261,3,39,203,5.2,2,65,464,7.1,14,8,1,23,2,25,0,0,0
2015-10-24,,Northwestern,L (28-30),24,48,50.0,291,1,38,82,2.2,2,86,373,4.3,13,6,3,22,6,64,0,1,1
2015-10-31,@,Purdue,L (45-55),29,48,60.4,407,4,29,77,2.7,2,77,484,6.3,22,3,3,28,7,40,1,4,5
2015-11-07,,Michigan State,W (39-38),19,33,57.6,320,2,36,179,5.0,3,69,499,7.2,12,11,1,24,5,55,0,2,2
2015-11-14,@,Rutgers,W (31-14),14,21,66.7,188,3,38,174,4.6,1,59,362,6.1,8,7,1,16,2,15,0,3,3
2015-11-27,,Iowa,L (20-28),25,45,55.6,296,0,38,137,3.6,2,83,433,5.2,14,7,1,22,8,95,0,4,4
2015-12-26,N,UCLA*,W (37-29),12,19,63.2,174,1,62,326,5.3,4,81,500,6.2,10,17,4,31,6,38,1,0,1
,,,,,,,,,,,,,,,,,,,,,,,,
,,,,,,,,,,,,,,,,,,,,,,,,
2016-09-03,,Fresno State,W (43-10),6,13,46.2,114,1,51,292,5.7,5,64,406,6.3,4,15,1,20,7,80,0,0,0
2016-09-10,,Wyoming,W (52-17),21,35,60.0,412,4,43,138,3.2,2,78,550,7.1,17,5,3,25,7,93,0,1,1
2016-09-17,,Oregon,W (35-32),17,35,48.6,200,3,47,228,4.9,2,82,428,5.2,10,12,4,26,7,55,1,0,1
2016-09-24,@,Northwestern,W (24-13),18,29,62.1,246,1,47,310,6.6,2,76,556,7.3,12,12,2,26,4,60,2,0,2
2016-10-01,,Illinois,W (31-16),16,23,69.6,220,1,49,203,4.1,3,72,423,5.9,12,9,2,23,3,35,1,1,2
2016-10-15,@,Indiana,W (27-22),10,26,38.5,208,1,45,152,3.4,1,71,360,5.1,8,9,0,17,9,53,0,2,2
2016-10-22,,Purdue,W (27-14),17,31,54.8,252,1,36,158,4.4,2,67,410,6.1,11,10,1,22,7,67,0,1,1
2016-10-29,@,Wisconsin,L (17-23),12,31,38.7,153,0,44,152,3.5,2,75,305,4.1,9,7,0,16,2,10,0,2,2
2016-11-05,@,Ohio State,L (3-62),9,33,27.3,126,0,24,78,3.3,0,57,204,3.6,6,2,1,9,4,43,0,2,2
2016-11-12,,Minnesota,W (24-17),19,28,67.9,217,2,32,157,4.9,1,60,374,6.2,10,9,0,19,8,81,0,0,0
2016-11-19,,Maryland,W (28-7),23,37,62.2,220,1,45,181,4.0,3,82,401,4.9,13,11,4,28,2,20,0,0,0
2016-11-25,@,Iowa,L (10-40),14,37,37.8,127,1,31,90,2.9,0,68,217,3.2,8,6,3,17,8,57,0,0,0
2016-12-30,N,Tennessee*,L (24-38),19,42,45.2,257,2,28,61,2.2,1,70,318,4.5,12,5,1,18,7,41,1,0,1
,,,,,,,,,,,,,,,,,,,,,,,,
,,,,,,,,,,,,,,,,,,,,,,,,
2017-09-02,,Arkansas State,W (43-36),19,32,59.4,238,2,38,225,5.9,2,70,463,6.6,14,10,1,25,8,75,0,0,0
2017-09-09,@,Oregon,L (35-42),19,41,46.3,252,3,29,109,3.8,2,70,361,5.2,11,6,2,19,3,25,0,4,4
2017-09-16,,Northern Illinois,L (17-21),25,47,53.2,299,0,36,85,2.4,2,83,384,4.6,12,6,0,18,5,48,0,3,3
2017-09-23,,Rutgers,W (27-17),13,26,50.0,109,2,47,197,4.2,1,73,306,4.2,8,11,2,21,6,46,0,2,2
2017-09-29,@,Illinois,W (28-6),17,24,70.8,246,3,38,165,4.3,1,62,411,6.6,12,9,2,23,5,70,1,0,1
2017-10-07,,Wisconsin,L (17-38),18,35,51.4,271,1,26,110,4.2,0,61,381,6.2,10,5,1,16,4,35,1,1,2
2017-10-14,,Ohio State,L (14-56),27,47,57.4,349,2,16,44,2.8,0,63,393,6.2,12,2,0,14,12,104,0,1,1
2017-10-28,@,Purdue,W (25-24),32,50,64.0,431,2,27,40,1.5,0,77,471,6.1,16,5,4,25,9,95,0,0,0
2017-11-04,,Northwestern,L (24-31),21,38,55.3,225,2,31,112,3.6,0,69,337,4.9,12,7,2,21,7,68,0,3,3
2017-11-11,@,Minnesota,L (21-54),25,36,69.4,311,1,33,69,2.1,2,69,380,5.5,13,5,2,20,4,54,0,0,0
2017-11-18,@,Penn State,L (44-56),26,41,63.4,399,2,26,67,2.6,3,67,466,7.0,16,4,1,21,9,89,0,0,0
2017-11-24,,Iowa,L (14-56),23,42,54.8,200,2,21,67,3.2,0,63,267,4.2,9,3,0,12,3,19,0,3,3
,,,,,,,,,,,,,,,,,,,,,,,,
,,,,,,,,,,,,,,,,,,,,,,,,
2018-09-08,,Colorado,L (28-33),19,29,65.5,236,1,54,329,6.1,3,83,565,6.8,9,13,3,25,11,95,2,1,3
2018-09-15,,Troy,L (19-24),19,27,70.4,177,2,48,187,3.9,0,75,364,4.9,7,12,3,22,10,77,1,2,3
2018-09-22,@,Michigan,L (10-56),13,24,54.2,93,0,30,39,1.3,1,54,132,2.4,4,5,3,12,10,79,1,1,2
2018-09-29,,Purdue,L (28-42),25,42,59.5,323,2,39,259,6.6,2,81,582,7.2,16,14,1,31,11,136,0,1,1
2018-10-06,@,Wisconsin,L (24-41),26,44,59.1,407,2,24,111,4.6,1,68,518,7.6,17,7,2,26,10,100,1,0,1
2018-10-13,@,Northwestern,L (31-34),25,35,71.4,251,1,47,231,4.9,3,82,482,5.9,9,15,0,24,9,89,1,2,3
2018-10-20,,Minnesota,W (53-28),25,30,83.3,276,3,43,383,8.9,4,73,659,9.0,9,18,1,28,6,43,1,0,1
2018-10-27,,Bethune-Cookman,W (45-9),17,31,54.8,242,2,33,226,6.8,3,64,468,7.3,11,12,0,23,5,35,0,2,2
2018-11-03,@,Ohio State,L (31-36),22,33,66.7,266,1,49,184,3.8,3,82,450,5.5,14,11,2,27,5,44,1,0,1
2018-11-10,,Illinois,W (54-35),24,34,70.6,290,3,34,316,9.3,4,68,606,8.9,12,9,1,22,7,72,1,1,2
2018-11-17,,Michigan State,W (9-6),16,37,43.2,145,0,30,103,3.4,0,67,248,3.7,8,5,1,14,5,45,2,0,2
2018-11-23,@,Iowa,L (28-31),26,38,68.4,260,2,33,140,4.2,1,71,400,5.6,14,9,1,24,3,35,0,1,1
,,,,,,,,,,,,,,,,,,,,,,,,
,,,,,,,,,,,,,,,,,,,,,,,,
2019-08-31,,South Alabama,W (35-21),13,22,59.1,178,0,44,98,2.2,2,66,276,4.2,8,6,1,15,8,64,2,1,3
2019-09-07,@,Colorado,L (31-34),16,26,61.5,290,2,46,179,3.9,2,72,469,6.5,8,9,2,19,7,65,2,1,3
2019-09-14,,Northern Illinois,W (44-8),19,32,59.4,287,2,33,238,7.2,4,65,525,8.1,11,11,1,22,1,15,1,0,1
2019-09-21,@,Illinois,W (42-38),22,34,64.7,328,3,61,357,5.9,3,95,685,7.2,13,18,1,32,10,70,4,0,4
2019-09-28,,Ohio State,L (7-48),8,17,47.1,47,0,39,184,4.7,1,56,231,4.1,2,12,1,15,6,57,0,3,3
2019-10-05,,Northwestern,W (13-10),15,25,60.0,186,0,40,133,3.3,1,65,319,4.9,6,5,1,12,8,74,0,0,0
2019-10-12,@,Minnesota,L (7-34),15,29,51.7,148,0,43,151,3.5,1,72,299,4.2,5,10,1,16,5,33,0,0,0
2019-10-26,,Indiana,L (31-38),20,23,87.0,294,1,50,220,4.4,3,73,514,7.0,11,11,4,26,6,44,2,0,2
2019-11-02,@,Purdue,L (27-31),22,39,56.4,247,0,35,128,3.7,3,74,375,5.1,11,6,4,21,3,30,0,1,1
2019-11-16,,Wisconsin,L (21-37),13,23,56.5,220,1,36,277,7.7,2,59,497,8.4,9,13,1,23,3,31,0,1,1
2019-11-23,@,Maryland,W (54-7),19,30,63.3,226,2,57,305,5.4,4,87,531,6.1,18,12,1,31,1,10,0,1,1
2019-11-29,,Iowa,L (24-27),12,23,52.2,100,1,56,184,3.3,1,79,284,3.6,5,11,2,18,3,25,1,1,2
,,,,,,,,,,,,,,,,,,,,,,,,
,,,,,,,,,,,,,,,,,,,,,,,,
2020-10-24,@,Ohio State,L (17-52),16,20,80.0,160,0,36,210,5.8,2,56,370,6.6,6,11,0,17,8,90,2,0,2
2020-11-07,@,Northwestern,L (13-21),24,45,53.3,218,0,43,224,5.2,1,88,442,5.0,10,14,4,28,9,55,0,2,2
2020-11-14,,Penn State,W (30-23),13,21,61.9,152,1,39,146,3.7,1,60,298,5.0,6,9,2,17,5,39,0,1,1
2020-11-21,,Illinois,L (23-41),18,30,60.0,177,1,44,215,4.9,2,74,392,5.3,10,14,1,25,7,66,2,3,5
2020-11-27,@,Iowa,L (20-26),21,25,84.0,195,0,38,143,3.8,2,63,338,5.4,8,12,0,20,4,40,2,0,2
2020-12-05,@,Purdue,W (37-27),24,31,77.4,253,1,40,111,2.8,3,71,364,5.1,12,5,3,20,9,107,0,0,0
2020-12-12,,Minnesota,L (17-24),16,29,55.2,111,1,36,197,5.5,1,65,308,4.7,4,11,2,17,3,32,1,1,2
2020-12-18,@,Rutgers,W (28-21),24,28,85.7,255,1,58,365,6.3,3,86,620,7.2,12,15,0,27,9,56,2,2,4
,,,,,,,,,,,,,,,,,,,,,,,,
,,,,,,,,,,,,,,,,,,,,,,,,
2021-08-28,@,Illinois,L (22-30),16,32,50.0,232,1,39,160,4.1,2,71,392,5.5,10,8,1,19,5,67,1,0,1
2021-09-04,,Fordham,W (52-7),21,30,70.0,304,1,65,329,5.1,6,95,633,6.7,14,20,0,34,2,10,2,0,2
2021-09-11,,Buffalo,W (28-3),14,20,70.0,296,2,41,220,5.4,2,61,516,8.5,7,9,3,19,9,71,1,0,1
2021-09-18,@,Oklahoma,L (16-23),19,25,76.0,289,1,38,95,2.5,1,63,384,6.1,13,4,1,18,8,70,0,1,1
2021-09-25,@,Michigan State,L (20-23),25,36,69.4,248,0,50,194,3.9,2,86,442,5.1,13,12,1,26,6,40,1,1,2
2021-10-02,,Northwestern,W (56-7),15,21,71.4,230,1,53,427,8.1,7,74,657,8.9,8,18,2,28,4,19,0,0,0
2021-10-09,,Michigan,L (29-32),18,28,64.3,291,3,32,140,4.4,1,60,431,7.2,12,5,2,19,6,47,1,1,2
2021-10-16,@,Minnesota,L (23-30),18,33,54.5,241,1,31,136,4.4,2,64,377,5.9,12,6,1,19,3,25,0,0,0
2021-10-30,,Purdue,L (23-28),14,29,48.3,269,2,29,130,4.5,1,58,399,6.9,12,6,1,19,4,38,0,4,4
2021-11-06,,Ohio State,L (17-26),16,31,51.6,248,1,34,113,3.3,1,65,361,5.6,8,8,2,18,6,60,0,1,1
2021-11-20,@,Wisconsin,L (28-35),23,35,65.7,351,1,35,101,2.9,3,70,452,6.5,16,5,2,23,5,43,0,2,2
2021-11-26,,Iowa,L (21-28),16,22,72.7,198,0,43,129,3.0,3,65,327,5.0,9,8,1,18,5,50,1,1,2
,,,,,,,,,,,,,,,,,,,,,,,,
,,,,,,,,,,,,,,,,,,,,,,,,
2022-08-27,N,Northwestern,L (28-31),25,42,59.5,355,1,31,110,3.5,3,73,465,6.4,16,4,3,23,1,5,1,2,3
2022-09-03,,North Dakota,W (38-17),14,21,66.7,193,2,41,244,6.0,3,62,437,7.0,9,15,2,26,7,45,1,1,2
2022-09-10,,Georgia Southern,L (42-45),23,34,67.6,318,1,47,257,5.5,5,81,575,7.1,16,17,0,33,10,77,0,0,0
2022-09-17,,Oklahoma,L (14-49),21,31,67.7,164,1,45,163,3.6,1,76,327,4.3,7,11,3,21,5,40,1,1,2
2022-10-01,,Indiana,W (35-21),18,27,66.7,270,2,51,115,2.3,2,78,385,4.9,12,7,3,22,12,111,1,1,2
2022-10-07,@,Rutgers,W (14-13),24,37,64.9,232,2,29,72,2.5,0,66,304,4.6,11,4,3,18,9,67,0,2,2
2022-10-15,@,Purdue,L (37-43),16,29,55.2,354,2,23,122,5.3,2,52,476,9.2,9,5,1,15,4,40,0,2,2
2022-10-29,,Illinois,L (9-26),11,24,45.8,188,1,25,60,2.4,0,49,248,5.1,5,3,1,9,3,30,1,3,4
2022-11-05,,Minnesota,L (13-20),11,25,44.0,121,0,35,146,4.2,1,60,267,4.5,5,8,0,13,2,10,0,1,1
2022-11-12,@,Michigan,L (3-34),10,20,50.0,71,0,29,75,2.6,0,49,146,3.0,4,3,1,8,4,30,0,0,0
2022-11-19,,Wisconsin,L (14-15),12,20,60.0,106,2,29,65,2.2,0,49,171,3.5,6,4,2,12,2,15,0,0,0
2022-11-25,@,Iowa,W (24-17),20,30,66.7,278,3,35,51,1.5,0,65,329,5.1,11,3,3,17,6,40,1,0,1
